{
  "v": "5.7.4",
  "fr": 30,
  "ip": 0,
  "op": 60,
  "w": 200,
  "h": 200,
  "nm": "flame",
  "ddd": 0,
  "assets": [],
  "layers": [
    {
      "ddd": 0,
      "ind": 1,
      "ty": 4,
      "nm": "Flame",
      "sr": 1,
      "ks": {
        "o": { "a": 0, "k": 100 },
        "r": { "a": 0, "k": 0 },
        "p": { "a": 0, "k": [100, 150, 0] },
        "a": { "a": 0, "k": [0, 0, 0] },
        "s": { "a": 0, "k": [100, 100, 100] }
      },
      "shapes": [
        {
          "ty": "el",
          "p": { "a": 0, "k": [0, 0] },
          "s": { "a": 1, "k": [
            { "t": 0, "s": [40, 60] },
            { "t": 15, "s": [35, 65] },
            { "t": 30, "s": [42, 58] },
            { "t": 45, "s": [37, 62] },
            { "t": 60, "s": [40, 60] }
          ]},
          "nm": "ellipse"
        },
        {
          "ty": "fl",
          "c": { "a": 0, "k": [1, 0.7, 0.2, 1] },
          "o": { "a": 0, "k": 100 },
          "r": 1,
          "nm": "fill"
        }
      ],
      "ip": 0,
      "op": 60,
      "st": 0,
      "bm": 0
    }
  ]
}
